{
    "interLerpRate": 0.10000000149011612,
    "offsetTranslate": {
        "x": 0.0,
        "y": 2.0299999713897705,
        "z": -12.90999984741211
    },
    "rotateLerpRate": 18.0,
    "rotateX": 0.2199999988079071
}