{
    "animationDuration": 0.20000000298023224,
    "dashSpeed_end": 1.7999999523162842,
    "dashSpeed_lerpTime": 1.5,
    "dashSpeed_start": 3.4000000953674316,
    "jumpStrength": 5.599999904632568,
    "moveDecay": 0.8999999761581421,
    "moveVelocity": {
        "x": 0.15000000596046448,
        "y": 0.0,
        "z": 0.15000000596046448
    },
    "rotationLerpRate": 0.30000001192092896
}