{
    "dashSpeed_end": 1.7999999523162842,
    "dashSpeed_lerpTime": 1.5,
    "dashSpeed_start": 3.4000000953674316,
    "dashToAttackDuration": 0.10000000149011612,
    "moveDecay": 0.8999999761581421,
    "moveToJumpDuration": 0.10000000149011612,
    "moveToWaitDuration": 0.800000011920929,
    "moveVelocity": {
        "x": 0.15000000596046448,
        "y": 0.0,
        "z": 0.15000000596046448
    },
    "rotationLerpRate": 0.30000001192092896,
    "waitToAttackDuration": 0.4000000059604645,
    "waitToDashDuration": 0.10000000149011612
}